,RV,HAR,RF
1983-07-31,0.00014746000000000006,0.0002482041938833341,0.00024385835126435512
1983-08-31,7.723999999999935e-05,0.0001287936148392993,0.0001053116656095927
1983-09-30,6.492999999999923e-05,0.00012079502245569996,0.00010125011301932549
1983-10-31,0.0001853399999999983,0.00019991313814058057,0.00019674419349899165
1983-11-30,0.00011167000000000006,0.00016404626819998874,0.0001386796100226519
1983-12-31,8.569999999999935e-05,0.00013257645758939172,0.00010602266588344235
1984-01-31,9.925000000000005e-05,0.00016464965008609043,0.00011481769571561325
1984-02-29,0.00012053000000000005,0.00017599047691261774,0.0001402244863541645
1984-03-31,6.022000000000005e-05,0.00011405860606449229,0.00010368465116644835
1984-04-30,9.379999999999923e-05,0.000136248935117866,0.00011391390201662907
1984-05-31,0.00010528000000000005,0.00012095724276763525,0.00012606736211139867
1984-06-30,0.0001306699999999991,0.00018141531542092257,0.0001369468948561962
1984-07-31,0.00033026999999999774,0.00023990408195487256,0.00037652301579196477
1984-08-31,0.0004154500000000001,0.0003555513894518258,0.00034362090668998513
1984-09-30,0.00010514000000000005,0.00013823254420265764,0.00012810196613494764
1984-10-31,0.00026751999999999885,0.0002911949635846575,0.00025052634530103944
1984-11-30,0.00011033999999999771,0.00014545978419601814,0.00013525035895715006
1984-12-31,0.00020575999999999922,0.00020316933947490222,0.00020115125573596935
1985-01-31,0.00023409999999999935,0.00022597845357512567,0.00021137590222831574
1985-02-28,0.00014902999999999794,0.00018787094664370638,0.00016909046935111556
1985-03-31,0.00014328000000000005,0.00019229357461541207,0.0001654210811023942
1985-04-30,0.00012433000000000005,0.00017494192001476534,0.00014932443822808625
1985-05-31,0.0001924899999999992,0.00021331244384288652,0.0001955779841449898
1985-06-30,0.00017214999999999933,0.00022270286416859253,0.00020696818161006537
1985-07-31,0.00019605999999999934,0.0002076462189338099,0.00019719151278399904
1985-08-31,8.751000000000003e-05,9.109889725002561e-05,0.00011129227636893783
1985-09-30,0.00014719000000000003,0.00017416077652826224,0.00017448999592522372
1985-10-31,0.00017335999999999936,0.00017688560253435818,0.00018648701626823054
1985-11-30,9.818999999999921e-05,0.0001440018074887233,0.00012210505867343393
1985-12-31,0.00021615000000000005,0.00021513725364098407,0.0001951280351157925
1986-01-31,0.0001993899999999988,0.00024296212626301786,0.00020471471463931798
1986-02-28,0.0001584499999999991,0.00019747196053217632,0.00017807740008978653
1986-03-31,0.00016966000000000003,7.041499765064068e-05,0.00019501846295573807
1986-04-30,0.00010660999999999921,0.00015037697814617438,0.00014116647482715546
1986-05-31,6.686000000000005e-05,0.00012436076016217155,0.0001049715549032303
1986-06-30,7.765000000000004e-05,0.00013222044955525848,0.00010881136217997168
1986-07-31,0.00031308000000000003,0.0002870846497275313,0.00020224330211877938
1986-08-31,0.00029228999999999773,0.0002852777203505179,0.00020472177211574902
1986-09-30,0.00024296000000000005,0.00024392985458072906,0.00020267024263159148
1986-10-31,0.00017511000000000005,0.00010373895378437817,0.0001792959855225382
1986-11-30,0.00015149999999999924,0.00017276673603927814,0.0001680922909819476
1986-12-31,8.957000000000005e-05,0.00013171402816645604,0.00011719055474165536
1987-01-31,0.00019015999999999822,0.0002003146420235256,0.00017780477710803045
1987-02-28,0.000191819999999997,0.00021026465466636226,0.00018452566338198392
1987-03-31,0.0002456699999999969,0.00025801142475178707,0.00020106393125126577
1987-04-30,0.00010607000000000006,0.00013986352164059845,0.0001393588262312268
1987-05-31,0.00023103000000000007,0.00023722048243580716,0.00019257329432158406
1987-06-30,9.53999999999984e-05,0.00012543405496075365,0.00012128404299689395
1987-07-31,0.0001958499999999991,0.0002072510349445936,0.00018430946041832124
1987-08-31,0.00026288000000000006,0.0002074183029390473,0.000205703288330034
1987-09-30,0.0001955699999999991,0.00021003092263138917,0.00019110792249743902
1987-10-31,0.0012203000000000001,0.001034350251562143,0.0008048489638481317
1987-11-30,0.00046950000000000014,0.00035884251815491216,0.00036537310871764426
1987-12-31,0.00040749999999999803,0.00031837710700256084,0.0003666311940214254
1988-01-31,0.00014960999999999835,0.00017538195037247362,0.00016259066039762921
1988-02-29,0.00011186999999999928,0.00016372760733350146,0.00014473884846277722
1988-03-31,0.0001700599999999994,0.0001799253636977194,0.00018330539026259094
1988-04-30,8.22399999999994e-05,0.00013517418015744333,0.00011667153195157487
1988-05-31,7.72800000000001e-05,0.0001252148580483867,0.00011519752445669598
1988-06-30,0.0001348800000000001,0.00011632524175929708,0.00015904535308555783
1988-07-31,8.213000000000011e-05,0.00013541759534835523,0.0001244046190717067
1988-08-31,9.306000000000012e-05,0.00013547813837137587,0.000129194128292532
1988-09-30,9.239999999999941e-05,0.0001387313386193861,0.00013313215825130252
1988-10-31,6.22899999999994e-05,0.00012013992459742667,9.600092537209852e-05
1988-11-30,9.490999999999928e-05,0.00014294584589969996,0.00012220441097796753
1988-12-31,8.34699999999994e-05,0.0001360739490486355,0.00012261581660160385
1989-01-31,8.50700000000001e-05,0.00014593536682254812,0.00013058392447149112
1989-02-28,0.0001020600000000001,0.000150266198362512,0.00015392317072077406
1989-03-31,6.445999999999927e-05,0.00012371242700386952,0.00010674944727011533
1989-04-30,7.30200000000001e-05,0.0001318286171241455,0.00011524074460831606
1989-05-31,6.780999999999928e-05,0.00012655214476046107,0.00010665848150161711
1989-06-30,8.34799999999994e-05,0.0001446945701178765,0.00011725622900449828
1989-07-31,6.98900000000001e-05,0.00012385563862528994,0.00011058479989695351
1989-08-31,4.3980000000000104e-05,0.00010439515268578645,6.76881933272035e-05
1989-09-30,6.765000000000011e-05,0.0001248233859094307,9.973374173857617e-05
1989-10-31,7.98599999999994e-05,0.00013918239159987973,0.00012027721493300296
1989-11-30,6.66200000000001e-05,0.00012300602193830295,9.882380508876195e-05
1989-12-31,0.0001560200000000001,0.00016992392245918837,0.00017137947354281207
1990-01-31,0.0001336799999999994,0.00016827799354685383,0.0001721183587006946
1990-02-28,6.43500000000001e-05,0.00011324941417387979,9.550807698364482e-05
1990-03-31,7.73100000000001e-05,0.00013989161541029478,0.00012104875261521028
1990-04-30,9.50000000000001e-05,0.00013442813897620676,0.00012014236643319698
1990-05-31,7.904000000000011e-05,0.00012731554674728853,0.00011853743517164178
1990-06-30,4.609000000000011e-05,0.00011578764397791565,6.714605950300303e-05
1990-07-31,0.0003719999999999992,0.00027213661695227917,0.00047698015888429196
1990-08-31,0.0015157499999999956,0.0010612627888912896,0.0005512257943240184
1990-09-30,0.0004473799999999963,0.0003129515123820496,0.0006183985405288123
1990-10-31,0.0005556999999999985,0.00039833427774903576,0.0003903458188147087
1990-11-30,0.00037658999999999946,0.00028992883778934686,0.00031485315987419497
1990-12-31,0.00022274999999999926,0.00020872250176200607,0.0001925542464971716
1991-01-31,0.0004159599999999989,0.00032798687980086546,0.00033758253732094474
1991-02-28,0.00025446999999999915,0.00023679080690735898,0.00020234015678084963
1991-03-31,0.0002865200000000001,0.0002979602280158053,0.00035631455576638706
1991-04-30,9.31700000000001e-05,0.00014010375718180723,0.00012140570161307154
1991-05-31,0.0001064800000000001,0.0001433714664578077,0.00014844663674119633
1991-06-30,7.50500000000001e-05,0.00013224329965110622,0.00012556002947653296
1991-07-31,0.0001289400000000001,0.00016198583534602826,0.0001662274596571959
1991-08-31,0.00012500999999999802,0.00015524161954311752,0.00016178334948902648
1991-09-30,0.0001050200000000001,0.00014360355376819155,0.00014415853997154764
1991-10-31,5.149000000000011e-05,0.00011334961805511566,8.471206684586051e-05
1991-11-30,0.00016248000000000008,0.00017786669436886551,0.0001718761546727595
1991-12-31,0.00019627000000000012,0.00020250374713433832,0.0002581300489568748
1992-01-31,0.0002899199999999989,0.0002602849184319601,0.00024330728025756895
1992-02-29,0.00019927999999999857,0.0001975717129057545,0.0002513385702796295
1992-03-31,7.923000000000011e-05,0.00013472077035290992,0.00010501148258738153
1992-04-30,0.00021668999999999928,0.00020892599924913563,0.0002124383667058973
1992-05-31,9.252000000000011e-05,0.0001470496788645428,0.00013744003827265773
1992-06-30,0.00010593999999999929,0.00014793079395977076,0.00014984704296317907
1992-07-31,5.550000000000011e-05,0.00011563615171367408,9.910515518002627e-05
1992-08-31,4.25200000000001e-05,0.00010823112216096711,7.453668361510558e-05
1992-09-30,0.0001324299999999994,0.00017352494762794068,0.00012188171397383147
1992-10-31,0.0001098800000000001,0.0001443155495881653,0.00013870908946295589
1992-11-30,0.00014585999999999847,0.00016734028933564434,0.00015807070395033025
1992-12-31,5.06200000000001e-05,0.00011195246456178031,9.242007472852565e-05
1993-01-31,0.00019243999999999793,0.00020132607452159396,0.00025309194374456654
1993-02-28,0.0005326799999999976,0.0004565415592867057,0.0005676516871297862
1993-03-31,9.69600000000001e-05,0.0001390524933649624,0.00012699324424255418
1993-04-30,0.00033453999999999884,0.0002861780041808581,0.0003270335514781615
1993-05-31,0.00022365999999999725,0.0002104164717965088,0.00020256647681112368
1993-06-30,0.0001706700000000001,0.0001763811249208573,0.00020125117918116088
1993-07-31,0.0001130600000000001,0.00014790246221979797,0.0001351891230860406
1993-08-31,0.0001184700000000001,0.0001596623062115784,0.00013734783673917275
1993-09-30,0.0001737200000000001,0.00019591027808586934,0.0001820119897318961
1993-10-31,0.00010293000000000011,0.00014399801947103497,0.0001311220297949481
1993-11-30,0.0002203500000000001,0.00022260230848498665,0.0002486313930418602
1993-12-31,8.39900000000001e-05,0.00013231978260637913,0.00011555205744953416
1994-01-31,8.957000000000012e-05,0.00013780204820911012,0.00012060209895373104
1994-02-28,5.658000000000011e-05,0.00011817253610317717,0.00010612731359297882
1994-03-31,8.31799999999994e-05,0.0001343653949801956,0.00011535898621209894
1994-04-30,0.0002396500000000001,0.0002149761027747766,0.00021705374264328656
1994-05-31,0.000162909999999998,0.0001748300399146145,0.00016648971626867924
1994-06-30,0.0001404099999999993,0.00017069135412967586,0.00014355324861378406
1994-07-31,0.00016694999999999763,0.00018983042598405203,0.00016576497477893522
1994-08-31,0.0001084700000000001,0.00015039515894951268,0.00013879388585353588
1994-09-30,6.744000000000011e-05,0.00012274912248994195,0.00011002546122541497
1994-10-31,0.0001097800000000001,0.0001512934291064286,0.00014483621579689237
1994-11-30,0.00011327000000000011,0.0001515203379108902,0.00012342236989431677
1994-12-31,0.0002358600000000001,0.00023356509667353742,0.0003731632080661482
1995-01-31,0.0001659699999999989,0.00017959309581002612,0.00017503435105974705
1995-02-28,0.00012032000000000011,0.00015115207749929403,0.00014750618340976884
1995-03-31,8.453999999999821e-05,0.0001472444077605992,0.00011128046619111897
1995-04-30,0.00020342999999999823,0.00019484039596813686,0.00022891655083357782
1995-05-31,0.00012473999999999927,0.00016224913867051268,0.0001607881734112308
1995-06-30,0.0002641700000000001,0.00025008319961645684,0.0002203991567649216
1995-07-31,0.00029520999999999774,0.0002508318065730073,0.00020652459420690778
1995-08-31,0.00018004999999999925,0.00020047208273015515,0.00017146642332971967
1995-09-30,0.00032358999999999844,0.0002759671540472644,0.0003804102719112501
1995-10-31,0.0003870199999999985,0.0002984594631587563,0.00032306188941002694
1995-11-30,0.0002657699999999987,0.00024088134856741468,0.00020700000790315734
1995-12-31,0.00023010999999999702,0.000206386383502702,0.0002525986358082305
1996-01-31,0.0004820699999999981,0.0003470046253597493,0.00030590212647492893
1996-02-29,0.00012330000000000012,0.00015681638983683054,0.00014574429710808746
1996-03-31,0.0001652699999999994,0.00017821010881518255,0.00015386472940579981
1996-04-30,0.0001182499999999994,0.00015861823359036143,0.00015407968927444378
1996-05-31,0.00019198999999999898,0.00019811075802402597,0.0002876630733011352
1996-06-30,0.0001206999999999994,0.00015683383088890612,0.00014717134764448888
1996-07-31,0.0011095500000000002,0.0007211749256919007,0.0006240243341550176
1996-08-31,0.0003050499999999994,0.00024545397440944514,0.0002165559849662927
1996-09-30,0.0002291299999999994,0.0002136805376365664,0.00020168388758540911
1996-10-31,0.00027868999999999865,0.00026256114717072523,0.0002546818357751662
1996-11-30,0.00016955000000000008,0.00019625673500187673,0.00017725837875255153
1996-12-31,0.00025840999999999847,0.00023260087441721912,0.00021110791280972338
1997-01-31,0.00021005999999999686,0.00020592870317738754,0.0002036327415816062
1997-02-28,0.00036266999999999615,0.00028962722795445944,0.00030440046270871935
1997-03-31,0.00038429999999999866,0.0003333365647645568,0.0005880663676721932
1997-04-30,0.0006172399999999944,0.000437057154641,0.0005593603635635853
1997-05-31,0.0003388899999999989,0.00027926311719917915,0.00034723042315998987
1997-06-30,0.00023973999999999846,0.00021041552636961563,0.0002132152411670646
1997-07-31,0.0003278999999999987,0.0002540658926468695,0.00028575613919635016
1997-08-31,0.0001832099999999994,0.00018621470741172675,0.00016507207377018857
1997-09-30,0.0001296200000000001,0.00016308202512995527,0.00017037640053467798
1997-10-31,0.00045169999999999466,0.00044330104205860226,0.0004030563595481406
1997-11-30,0.00037534999999999923,0.0003022190793727125,0.0003721760347193451
1997-12-31,0.0003798099999999994,0.0003072427643377748,0.0004905790737775697
1998-01-31,0.00035579999999999786,0.0003112051913612086,0.00045617595551152685
1998-02-28,0.000283599999999997,0.0002451332939996349,0.00022782136335971996
1998-03-31,0.0002340400000000001,0.00021897106094414777,0.00021173851984942444
1998-04-30,0.0002711699999999992,0.00023971499250531237,0.0002228483757736302
1998-05-31,0.00024057999999999615,0.00022284678509349237,0.000228202688677082
1998-06-30,0.0005070599999999985,0.0003706111146274428,0.00039763140461505903
1998-07-31,0.0004156299999999987,0.00034009974409873105,0.00042313646636252635
1998-08-31,0.001263729999999998,0.0009120116952356291,0.0012296607381747377
1998-09-30,0.0014585499999999957,0.0008275636397504935,0.00043661106836032017
1998-10-31,0.003134069999999996,0.0025542994320811733,0.0015225818469730987
1998-11-30,0.0005833999999999993,0.0005104434318410679,0.0005363106737054022
1998-12-31,0.0007013300000000001,0.0004422274261550888,0.0003715492806175931
1999-01-31,0.0007940399999999968,0.0005510859006975838,0.0004990043569618889
1999-02-28,0.0013922099999999992,0.0008780027034439432,0.0011218370814140102
1999-03-31,0.0005180699999999975,0.00039372128362141025,0.0004820421736271466
1999-04-30,0.0012084199999999991,0.0007527271205767887,0.0006505181107288114
1999-05-31,0.0007882499999999982,0.0005662587616898395,0.0006623317475145862
1999-06-30,0.0009378199999999994,0.0006835126187999012,0.0007670740324713279
1999-07-31,0.0004618600000000001,0.0003727640505176001,0.00046055252000000077
1999-08-31,0.000562649999999997,0.00040036834151433863,0.0005602254599999995
1999-09-30,0.0003116500000000001,0.00028174301862081354,0.00023907267999999913
1999-10-31,0.0004165299999999967,0.000342646811441278,0.0005005050799999981
1999-11-30,0.0003382599999999983,0.0003396259321193463,0.00035747123999999855
1999-12-31,0.0004478699999999989,0.00034340664559858006,0.0002599789000000003
2000-01-31,0.0012572699999999976,0.0008128061206892791,0.0006588458999999963
2000-02-29,0.0009318899999999971,0.0007225866775854013,0.0006775856199999981
2000-03-31,0.0010391599999999936,0.0007077950413139719,0.0006447394199999959
2000-04-30,0.002743149999999988,0.0018707460224627447,0.0012970410999999917
2000-05-31,0.0010262499999999963,0.0007895187432441783,0.0015745380599999931
2000-06-30,0.0012833699999999968,0.0010326797948837555,0.0011080207199999986
2000-07-31,0.00208551999999999,0.0015495777298965734,0.0011862574399999983
2000-08-31,0.0004463299999999969,0.0003481636097053438,0.0005757687200000011
2000-09-30,0.0011955299999999985,0.0009290932598617275,0.0005854330999999985
2000-10-31,0.003251289999999995,0.002294418945596292,0.0014855807199999958
2000-11-30,0.0023588199999999915,0.0016066077590965802,0.0009766706000000002
2000-12-31,0.003262689999999996,0.0026825093556786203,0.0024090567399999915
2001-01-31,0.004989209999999987,0.004392451428150091,0.0024428483799999847
2001-02-28,0.001591949999999999,0.001340733065929627,0.0011297138799999937
2001-03-31,0.0018639399999999973,0.0015010502607412767,0.0012069924199999953
2001-04-30,0.0027846199999999976,0.0019469816626355328,0.00206292979999999
2001-05-31,0.0008948099999999991,0.0008790936536000528,0.0010636223399999954
2001-06-30,0.0005445099999999982,0.0005245060011364729,0.0005797112599999989
2001-07-31,0.0010458499999999983,0.0007768106013425135,0.0012935903734515733
2001-08-31,0.00113594,0.000947599133359271,0.001231718196851408
2001-09-30,0.001088019999999996,0.0010224220209171728,0.0015677239859141093
2001-10-31,0.0011447299999999988,0.0010098616461835545,0.00114860569778819
2001-11-30,0.0006904699999999965,0.0006622702783225938,0.000589232624318491
2001-12-31,0.0007254599999999968,0.0006290484699163066,0.0006160050154997294
2002-01-31,0.0005181099999999993,0.00042995464202737535,0.0005171331386520602
2002-02-28,0.0007019299999999992,0.0005982284086844686,0.0005949416459655563
2002-03-31,0.0005405899999999978,0.00046504325934554417,0.0005476512099292682
2002-04-30,0.0005835999999999992,0.0005176440773253881,0.0005345958805875308
2002-05-31,0.0014862899999999938,0.0011083203069570027,0.0011254860142644965
2002-06-30,0.0006752799999999974,0.0005697113550691298,0.0006199659783803443
2002-07-31,0.0002982199999999968,0.00034490168204508696,0.00026350808153670276
2002-08-31,0.00023425000000000003,0.00026294655494337756,0.00024576386832311726
2002-09-30,0.0002117499999999993,0.0002527316094828573,0.0002447160922628676
2002-10-31,0.0005042499999999956,0.0004396253580824796,0.0005216243623506939
2002-11-30,0.00045192999999999747,0.0004272451016219731,0.0005551027846894096
2002-12-31,0.00031538,0.00029101434388716487,0.00026096740630647455
2003-01-31,0.00020875999999999862,0.00022778369790804807,0.00024769329712659807
2003-02-28,8.126e-05,0.00014620400473327718,0.00013121765909884184
2003-03-31,0.00013623999999999906,0.00017109246430310095,0.00014684747582481862
2003-04-30,0.00013641999999999856,0.00017284515462514917,0.00014610378543023462
2003-05-31,0.00010828999999999918,0.00016811819060050563,0.00013558945199959152
2003-06-30,0.00012233,0.00015191039030049895,0.00014508227456027238
2003-07-31,0.00048799999999999874,0.000501437708011258,0.0007514329577119099
2003-08-31,0.00036572,0.0003469151064751262,0.00041526122424874793
2003-09-30,0.00029894999999999905,0.00032466455703919527,0.00025836256921617175
2003-10-31,0.00019019000000000002,0.00023988169313999492,0.00024302888927056547
2003-11-30,0.00027121999999999704,0.000284205972656405,0.00023876890762591346
2003-12-31,0.00013665999999999998,0.00015949140832125186,0.00018161636693144498
2004-01-31,0.0005794999999999983,0.0005094741686064096,0.0006321925909078931
2004-02-29,0.00045399,0.00042578950729808054,0.0005170699174165574
2004-03-31,0.0004421199999999992,0.00039229626303560354,0.0005375928353760493
2004-04-30,0.0004448599999999965,0.0005959980944837435,0.0005768422235011988
2004-05-31,0.00035848000000000005,0.00029493179244107187,0.00027576858916208123
2004-06-30,0.00022118999999999917,0.0002566443918220013,0.0002313111550150481
2004-07-31,0.00016826999999999999,0.00018978367913830032,0.00016629323998762887
2004-08-31,0.00016274999999999908,0.00017914241508962126,0.0001699671445857283
2004-09-30,0.00013314000000000002,0.00019822977935571182,0.00015329299451334895
2004-10-31,0.00012728999999999998,0.0001671779607318225,0.00018161605100664723
2004-11-30,5.6599999999999993e-05,0.00011842395808194447,0.00010837204681985867
2004-12-31,8.568e-05,0.00013782591885774792,0.00012330554969780636
2005-01-31,6.475e-05,0.00011538123623713704,0.00010815388548695353
2005-02-28,5.786e-05,0.00011682826404335732,0.00010175514862796771
2005-03-31,8.019999999999998e-05,0.00013135474686980792,0.00011008126855555745
2005-04-30,6.777e-05,0.0001228546840740391,0.00010959539222364168
2005-05-31,7.204999999999999e-05,0.00011949258030943523,0.00010807052088888702
2005-06-30,6.939999999999999e-05,0.00013813674273338607,0.00011672062762816212
2005-07-31,4.88099999999993e-05,0.00011402016814412408,0.00011694833295202202
2005-08-31,4.486e-05,0.00012801635551679553,0.00010245918957714965
2005-09-30,4.8899999999999996e-05,0.00011743214394001412,9.54630077107835e-05
2005-10-31,7.472e-05,0.00012812559570446745,0.0001159935192714526
2005-11-30,5.37499999999993e-05,0.00010494832779726906,0.00010499716124481113
2005-12-31,2.6909999999999998e-05,9.006937819871155e-05,8.108584149851933e-05
2006-01-31,7.567e-05,0.0001424946821947594,0.00010915474027029398
2006-02-28,0.00010616999999999929,0.00014569683512868296,0.00014512967998205552
2006-03-31,4.6110000000000004e-05,0.00010583244094701362,9.815240107588632e-05
2006-04-30,7.56599999999993e-05,0.000123294276378842,0.00010967901619864714
2006-05-31,7.376e-05,0.00012408623092594861,0.00010468190168452033
2006-06-30,5.24e-05,0.0001129714578758173,9.63934740133526e-05
2006-07-31,9.403999999999778e-05,0.00014580941652080033,0.00011925656233498669
2006-08-31,0.0001274999999999992,0.00015875658122215227,0.00017634216915975005
2006-09-30,0.0001369399999999992,0.00015903799735841488,0.0001787387799021267
2006-10-31,0.00014780999999999998,0.00018200383257083394,0.00017423184169629538
2006-11-30,0.00011574,0.00015667097568453485,0.00015418730350143456
2006-12-31,8.169999999999917e-05,0.00012497114492370775,0.00010941276517257355
2007-01-31,0.00017869999999999998,0.00018670048374934634,0.0001857560934615129
2007-02-28,4.935000000000001e-05,0.00010409229479217519,9.806449275735142e-05
2007-03-31,6.695e-05,0.00012284019311398556,0.00010690956241556294
2007-04-30,6.441e-05,0.00012244876919391436,0.00011137454040985973
2007-05-31,9.48899999999993e-05,0.0001485420750764283,0.00011896572486064745
2007-06-30,6.922e-05,0.00012123878066628962,0.00010722819907806547
2007-07-31,7.889e-05,0.0001581187738503577,0.00011489059698870418
2007-08-31,0.00032666,0.0002653733127824931,0.00027567939019785046
2007-09-30,8.12199999999993e-05,0.00012476981516306942,0.00010854739162059644
2007-10-31,0.00010532999999999848,0.00017426744151714888,0.00015478186783633567
2007-11-30,0.00022429999999999778,0.00023433473115471457,0.0002234479962969646
2007-12-31,0.00013034999999999905,0.0001656050345286427,0.00016622709618206274
2008-01-31,0.00034448999999999927,0.0002874018983527061,0.000260981048403029
2008-02-29,0.00015268999999999916,0.00019575051286358582,0.00017475537689073627
2008-03-31,0.0004854799999999955,0.0004051905694077094,0.0005177096467797327
2008-04-30,0.00013937,0.00020190572945721948,0.00016118419644777185
2008-05-31,0.00016968999999999836,0.0002176487934131853,0.00016381128616970125
2008-06-30,0.00020668,0.00021524593340246627,0.00022584790953646805
2008-07-31,0.00018424999999999906,0.00022422118083911807,0.00017847725163681077
2008-08-31,0.00039914000000000003,0.0003172445301571386,0.000404626729593237
2008-09-30,0.0008904599999999961,0.0008484333733043267,0.0008613773455307746
2008-10-31,0.0007148899999999959,0.0006934461807163213,0.0006039929737628378
2008-11-30,0.000945009999999998,0.0009690554250556761,0.001261986683033411
2008-12-31,0.00035049,0.0002860561802678429,0.00031206272046933095
2009-01-31,0.0005435399999999964,0.0004545338813526079,0.000517262583779076
2009-02-28,0.0002701899999999987,0.0002895039662068523,0.00023169251493989764
2009-03-31,0.00028149,0.00027435225054390643,0.0002319517290420552
2009-04-30,0.00021802999999999742,0.00021362339608097626,0.00022959656659188448
2009-05-31,0.00015199999999999998,0.000192339210594489,0.0001684440988856494
2009-06-30,0.00016531999999999818,0.00020616109060542768,0.0001788186552595024
2009-07-31,0.0002534799999999978,0.00024359536025890798,0.0002188551781547955
2009-08-31,0.00013575999999999996,0.000203182031507209,0.000181929050991187
2009-09-30,8.522999999999928e-05,0.00014362003528615647,0.00012121977955057785
2009-10-31,0.000212139999999998,0.0002283190405495864,0.00021234812055332327
2009-11-30,9.757999999999927e-05,0.00014742554220726055,0.00012174437923490211
2009-12-31,0.00016299999999999998,0.0001786543354516462,0.00017969289974616718
2010-01-31,0.00010492999999999997,0.00014068073546057375,0.00014010605241693925
2010-02-28,0.00013204999999999996,0.00015050207536356365,0.0002038556417599232
2010-03-31,7.427999999999996e-05,0.00012185665885813993,0.00010816488200863997
2010-04-30,0.00020764999999999995,0.0003140485091161464,0.0002852519488241779
2010-05-31,0.00020946999999999998,0.00024030659284898106,0.0002410111836976097
2010-06-30,0.00013609999999999997,0.00016346710448452204,0.0001822122482748277
2010-07-31,0.0004368599999999985,0.00035371011214905385,0.0004364117884603339
2010-08-31,0.00018803999999999916,0.00021177511685819842,0.0002201689190671751
2010-09-30,0.00016976999999999997,0.00019737958875914378,0.0001811667481786933
2010-10-31,0.00011155999999999916,0.00014925214583723395,0.00013802799387995065
2010-11-30,0.00018125999999999998,0.0001971774224950154,0.00018613956744860187
2010-12-31,0.00014690999999999996,0.00016479480879001392,0.00016700553731310974
2011-01-31,9.688999999999927e-05,0.00014117780087322313,0.0001288247641398273
2011-02-28,0.00013080999999999903,0.0001998355552460193,0.0001624936733720989
2011-03-31,0.00010967999999999883,0.00014054740314849506,0.00013953640959440497
2011-04-30,0.00010578999999999997,0.00017077455938826802,0.00013602045625755633
2011-05-31,7.903999999999998e-05,0.00012038907371745796,0.0001278080085707497
2011-06-30,0.00016134999999999834,0.0002135944799202645,0.00017697446015532876
2011-07-31,0.00024829999999999926,0.0002522497732248359,0.0002254866936351875
2011-08-31,0.00023178999999999832,0.0002413009745931334,0.00022413373531406788
2011-09-30,0.00014106999999999998,0.00020733996773426448,0.00016762263030666057
2011-10-31,0.00017631999999999801,0.000194815231779609,0.00017932540657820013
2011-11-30,0.00017875999999999998,0.0002212557313847342,0.00018588471863645344
2011-12-31,0.00025754999999999696,0.00023445002470316742,0.00022324216694212748
2012-01-31,6.541999999999997e-05,0.00011881601443821398,0.00012834823786461697
2012-02-29,7.225999999999998e-05,0.00013785461005857278,0.00012810096209051408
2012-03-31,7.681999999999997e-05,0.0001337972338377324,0.00012784350761732818
2012-04-30,0.00023532999999999717,0.00030026360527488766,0.0002281463912764717
2012-05-31,0.00016304999999999927,0.00020256210001092304,0.00018024601519098062
2012-06-30,0.00019978999999999998,0.00027168727600278525,0.00021875051557746273
2012-07-31,0.0003058999999999973,0.00027732289939191477,0.00022650648249518198
2012-08-31,0.00011323999999999997,0.00015689794856773591,0.00013844848637650358
2012-09-30,0.00010185999999999915,0.00015915094090018455,0.00013378940686980975
2012-10-31,0.00018326999999999883,0.00018820172736347976,0.0002031799738018126
2012-11-30,9.845999999999998e-05,0.0001557380794440073,0.00012655695601042474
2012-12-31,0.00015980999999999927,0.00018084204225677128,0.00018022862142343078
2013-01-31,8.537999999999997e-05,0.00012783656715917419,0.00012572760248283636
2013-02-28,0.00010698999999999996,0.0001479405354090024,0.0001338801785409641
2013-03-31,5.3079999999999966e-05,0.00010246956988397684,0.00012532638837105744
2013-04-30,0.00011055999999999997,0.0001646274496498134,0.00013457293427673582
2013-05-31,9.261999999999927e-05,0.00013543318582880394,0.00012737986525797896
2013-06-30,8.268999999999926e-05,0.00014682815937073414,0.0001255866359564178
2013-07-31,6.983999999999997e-05,0.00012014945209199004,0.00012500678839686072
2013-08-31,6.026999999999997e-05,0.00011625646138597964,0.0001248879238646905
2013-09-30,7.456999999999999e-05,0.00012051886557364855,0.0001248441628529316
2013-10-31,0.00012463999999999927,0.00015627502821323217,0.00016333793483494247
2013-11-30,7.208999999999997e-05,0.0001329323386208076,0.0001250328446701033
2013-12-31,9.625999999999808e-05,0.00014004596263504323,0.00012670947943064023
2014-01-31,0.00015668999999999926,0.00020546718787388136,0.00017682181791457466
2014-02-28,0.00011262999999999997,0.00013768266167027063,0.0001331630662046081
2014-03-31,0.00013904999999999996,0.00017568964242446113,0.0001640313187519183
2014-04-30,0.00020917999999999997,0.00023620213792496577,0.00022394530980416824
2014-05-31,9.448999999999882e-05,0.0001353330479917866,0.00012717970424536618
2014-06-30,4.162999999999997e-05,0.00010039429712525264,0.0001242732476488136
2014-07-31,0.00011452999999999927,0.0001614255233309261,0.00013554628070817164
2014-08-31,8.711999999999997e-05,0.00012684200784678873,0.0001102322958739766
2014-09-30,0.00016488999999999857,0.00020944841039276103,0.0001989548482987937
2014-10-31,0.00011949999999999926,0.0001500419342181943,0.000175577980403023
2014-11-30,0.00012371999999999926,0.00014584890695667525,0.00018480495335709092
2014-12-31,0.00017164999999999997,0.00019579131227800522,0.00015987089829318606
2015-01-31,0.0001978399999999978,0.0002565065129116522,0.0002456653904718642
2015-02-28,0.00015212999999999902,0.00019881475289345015,0.00015834013749415986
2015-03-31,0.00010846999999999997,0.00016735202736432034,0.00013854886924738002
2015-04-30,0.00014361999999999903,0.00023228010096891573,0.00015065670135523904
2015-05-31,9.288999999999904e-05,0.00013091244752625516,0.00013022807199764708
2015-06-30,0.00010599999999999997,0.00021746217697847956,0.0001336026364385781
2015-07-31,0.00021240999999999995,0.0002167914380606795,0.00021809378921558138
2015-08-31,0.0003269799999999983,0.0003803274966993949,0.0003087142914218281
2015-09-30,0.00043309999999999784,0.0004483475822773418,0.0006468497931639591
2015-10-31,0.00035144999999999843,0.00030827395766769967,0.0003151777504295118
2015-11-30,0.00012789999999999853,0.00014728130522630652,0.00017594665754429973
2015-12-31,0.00021025999999999857,0.00020604038162587234,0.00021248467040376257
2016-01-31,0.000523179999999996,0.0005724727992179148,0.0005973102162197556
2016-02-29,0.0005801599999999978,0.0004714285355066261,0.0005192572358022185
2016-03-31,0.00020783999999999928,0.0002237977185466289,0.0002467715030382728
2016-04-30,0.00033974999999999994,0.0003794787560290895,0.00036877528823926026
2016-05-31,0.00014445999999999998,0.0001870722618098501,0.0001509432068143461
2016-06-30,0.0001728199999999976,0.00023995283330718165,0.00016769743729728385
2016-07-31,0.00028649999999999634,0.0003415515255240866,0.00023136669732643566
2016-08-31,0.00014879,0.00020034730490900584,0.00015826216048132788
2016-09-30,0.0004100999999999955,0.0004631362748426683,0.0005254956005065147
2016-10-31,0.00017913999999999997,0.000224792184397276,0.00018480986956606003
2016-11-30,0.0006584099999999999,0.0012054202116817138,0.0010265833080251273
2016-12-31,0.00046703999999999995,0.0003556612586916335,0.00046262883714738074
2017-01-31,0.00012641,0.00015646547590078877,0.0001562584529106301
2017-02-28,0.00011237999999999999,0.00017000686058761443,0.0001374321922539434
2017-03-31,0.00018367999999999916,0.0002031299542872693,0.0002098857147297209
2017-04-30,0.00022221999999999997,0.00024312791346042657,0.00022589895342233385
2017-05-31,0.00033682,0.0003159889237275262,0.00026472912926056943
2017-06-30,0.0004364699999999956,0.00036546931198837014,0.0004398579839677944
2017-07-31,0.0002780599999999971,0.00029950698481804575,0.00023155963476249338
2017-08-31,0.00010345999999999918,0.00015302318126594465,0.00013447133713980118
2017-09-30,0.00018242999999999848,0.0002532271496735731,0.00021681730293666225
2017-10-31,0.00025273,0.00040096636973291534,0.00023138131990667134
2017-11-30,0.0002027499999999993,0.0002217363415399805,0.00023101682807484463
2017-12-31,0.00021542999999999796,0.00023885831889568823,0.0002308539550940573
2018-01-31,0.0001211499999999993,0.00016500665970666352,0.00015047259144550855
2018-02-28,0.00016433,0.00020101407626296042,0.00017874906173592602
2018-03-31,0.00027456999999999753,0.0003393777445803791,0.0002292683256374925
2018-04-30,0.00013609999999999905,0.00017926401139041178,0.00015793622722846943
2018-05-31,0.0002489,0.00024847650063646346,0.00022893269421275596
2018-06-30,0.00027617999999999876,0.000288495188085313,0.00022988828947388595
2018-07-31,0.00030624,0.00040756229708516646,0.00023104694281905495
2018-08-31,0.00013662,0.00017180245655122318,0.0001584758147835085
2018-09-30,0.00024250999999999998,0.0002346008528636195,0.0002303793822371155
2018-10-31,0.0009049199999999945,0.0009316591063508027,0.0008140815027210864
2018-11-30,0.0007884499999999979,0.0006784204364048131,0.0006558245640979238
2018-12-31,0.0005502399999999993,0.0005188372379486997,0.0005581204477731818
2019-01-31,0.00037462999999999884,0.00041007758271315324,0.00045820122972123296
2019-02-28,0.00024614999999999875,0.00027828542443177816,0.00023599142441499012
2019-03-31,0.00010975999999999879,0.0001410504759197809,0.00013573400712217745
2019-04-30,0.00016544,0.00022884000700695793,0.00017865266348623347
2019-05-31,0.00018729999999999997,0.00020470817916509834,0.00022830095284170467
2019-06-30,0.0003680799999999978,0.0003409624812643802,0.0003906218151884943
2019-07-31,0.0001379299999999992,0.0002013502840023096,0.00016020532578748614
2019-08-31,9.427999999999999e-05,0.0001310989524109394,0.00013043219166675017
2019-09-30,0.00019486,0.00024719871380031753,0.00023601680686402324
2019-10-31,0.00015908999999999878,0.00016708475389427097,0.00017677986061459926
2019-11-30,5.656e-05,0.00010375575793739159,0.00012923370675262897
2019-12-31,0.00010625,0.00015502432508026997,0.00013551729976520103
2020-01-31,0.00011290999999999859,0.0001910983993001706,0.00013648654562506995
2020-02-29,0.00028226999999999723,0.0002625355949343825,0.00023827336067240568
2020-03-31,0.0008946999999999922,0.0006708289128621475,0.0005793909432029659
2020-04-30,0.0004023499999999966,0.0004125067923251476,0.0004757095684404748
2020-05-31,0.0004496799999999962,0.00041537064840713926,0.0004861879944353577
2020-06-30,0.00026394999999999907,0.00029924178706162757,0.00024257763519557036
2020-07-31,0.0006459899999999943,0.0005138717947796474,0.000501514031160132
2020-08-31,0.0005599099999999989,0.0005307022080829624,0.0005459798824442542
2020-09-30,0.0003814299999999956,0.000373397904254225,0.0003909654139234325
2020-10-31,0.00031813999999999486,0.00032781562812282417,0.0002541804874489246
2020-11-30,0.0008605999999999973,0.0006689371380435304,0.0005804742948651226
2020-12-31,0.00039258999999999844,0.00033757664947558705,0.0003921515700351955
2021-01-31,0.0015933999999999924,0.002110443340397721,0.0019409277307807357
2021-02-28,0.0020214099999999948,0.0014618730190359124,0.001472055462905807
2021-03-31,0.00066201,0.000581024223325181,0.0005717676932949025
2021-04-30,0.00024106999999999918,0.0002578651331519258,0.00024692621123889266
2021-05-31,0.0004406299999999968,0.00038596673450706136,0.0004935760009452429
2021-06-30,0.00048717999999999716,0.0004485544821707454,0.0005115078776426359
2021-07-31,0.0006025499999999985,0.0005529585875896283,0.0005513615196488477
2021-08-31,0.000409769999999999,0.00034436552704669623,0.00045318603331195086
2021-09-30,0.0005188899999999991,0.0005083813409688838,0.0005509249880124381
2021-10-31,0.0005564799999999979,0.0005436964703021475,0.0005492109778896422
2021-11-30,0.0009283299999999987,0.0007684385193218281,0.0006991341146942938
2021-12-31,0.0005728499999999976,0.00048748736749721,0.0005003974414518781
2022-01-31,0.0015188299999999992,0.0015612768402259484,0.0018653570766407213
2022-02-28,0.00173998,0.0013853819240067045,0.001820095292908259
2022-03-31,0.002362179999999995,0.0018676321002828713,0.0030618537071486185
2022-04-30,0.0013148799999999985,0.0011357921873313061,0.0020274742734922853
2022-05-31,0.001568089999999995,0.0011742472947405618,0.0011369092833409913
2022-06-30,0.002099549999999996,0.0016508724319267934,0.0020058445960387515
2022-07-31,0.002383299999999993,0.0020645847927977133,0.00213840154753278
2022-08-31,0.0011289599999999937,0.0008750502001391054,0.0010861893532263826
2022-09-30,0.0008051099999999983,0.0006988444335971928,0.0005254313113826211
2022-10-31,0.0013361299999999977,0.0011122671611195566,0.0014825560997389767
2022-11-30,0.0021686699999999936,0.0017557840150285086,0.0017354273656649327
2022-12-31,0.0010762900000000001,0.000939217220646287,0.0013886952847649656
2023-01-31,0.0010656199999999976,0.0009519025435722832,0.001448501728981158
2023-02-28,0.0014425899999999958,0.0010629600286740342,0.0012562969555484282
2023-03-31,0.0008429799999999955,0.0007131387699102848,0.0006516752170375987
2023-04-30,0.0005756599999999957,0.0005270575378957774,0.0005714333547691199
2023-05-31,0.0007055899999999959,0.000717269492129084,0.0005477931866237231
2023-06-30,0.0007699299999999945,0.0006777781084038312,0.0006243240695022442
2023-07-31,0.00048164999999999997,0.00043286327203016133,0.00045675214940609887
2023-08-31,0.00028254,0.0002770623453448924,0.0002490404164110838
2023-09-30,0.00015315999999999903,0.00019562380688558495,0.00015565394713535583
2023-10-31,0.0003047699999999991,0.0003479881560375765,0.00024858164204435816
2023-11-30,0.0001999999999999993,0.00021636880612759313,0.00024141572572627983
2023-12-31,0.00022486999999999998,0.0002304775881113367,0.0002429053701688466
2024-01-31,0.00017887999999999932,0.00022713648725916912,0.00022240150456713056
2024-02-29,0.0006639499999999911,0.0005800803393770874,0.0005981096498143836
2024-03-31,0.0003707499999999986,0.0003519817516937149,0.00038835323779215264
2024-04-30,0.00042758999999999874,0.00039268697803090025,0.0005224128565680183
2024-05-31,0.0005869299999999999,0.0006509899379273129,0.0006011201693612814
2024-06-30,0.0005429299999999993,0.0005788894248547572,0.0005756112104789231
2024-07-31,0.000680599999999995,0.0007251538365470335,0.0005953095692216149
2024-08-31,0.0007075999999999968,0.0006282405797476574,0.0005721445559186495
2024-09-30,0.00043418,0.0004166244353496579,0.0004474536354484064
2024-10-31,0.00024908999999999923,0.00024995058113972584,0.0002485441125368598
2024-11-30,0.0004752699999999991,0.00043772623981115237,0.0005244238876396314
2024-12-31,0.0004139799999999964,0.0003618571826039486,0.0004246040176597658
2025-01-31,0.00072187,0.0007840152143428036,0.0006824724786403495
2025-02-28,0.0005304999999999978,0.0005037815201756166,0.0005701290589457625
2025-03-31,0.000414739999999997,0.00040839305691173667,0.00048502384012834055
2025-04-30,0.00022662999999999912,0.0002308333808002324,0.00024835203045398696
2025-05-31,0.0003085399999999974,0.00035977971968214923,0.00025315796411651747
2025-06-30,0.0003501099999999985,0.00035689703371430116,0.00033966433925083434
2025-07-31,0.0007059299999999937,0.0006448999725267712,0.0005957764058533945
2025-08-31,0.0005611299999999983,0.0004873875846132598,0.0005555166411121503
2025-09-30,0.00031132999999999926,0.00029313711685015917,0.0002623551535096674
2025-10-31,0.0007648899999999962,0.0008320466143849916,0.0006199845789003536
2025-11-30,0.0011739599999999954,0.0010395096574041713,0.001509707148613668
2025-12-31,0.00041807999999999716,0.0003574963644626207,0.0004227173074214958
2026-01-31,0.00041135999999999717,0.0004309294295329761,0.0005349315325271421
2026-02-28,0.0010258799999999953,0.000814171340887,0.0010466183584916006
